Telepules,min_votes,Korzet_count,entropy,p
Budaörs,52,40,2.095816526981911,0.0834
Bátonyterenye,57,30,1.9852314110718627,0.0448
Edelény,120,16,1.7710163687835907,0.0868
Kerepes,100,16,1.7214023220140038,0.0541
Pomáz,54,32,1.9566787452125873,0.0141
Pásztó,54,18,1.7981055026242663,0.0639
Püspökladány,118,32,1.8797476612942714,0.002
Szeged,50,218,2.264373600849394,0.0586
Szigethalom,82,32,2.018515119397787,0.056
